{"cameraMode":{"drawMode":0,"name":"Shaded","section":"Shading Mode"},"sceneLighting":true,"audioPlay":false,"sceneViewState":{"showFog":true,"showMaterialUpdate":false,"showSkybox":true,"showFlares":true,"showImageEffects":true,"showParticleSystems":true},"in2DMode":false,"pivot":{"x":-0.06715057790279389,"y":0.26814424991607668,"z":1.452431082725525},"rotation":{"x":-0.013191000558435917,"y":0.004812368657439947,"z":0.0000838332052808255,"w":0.999923825263977},"size":0.14715558290481568,"orthographic":false}