{"cameraMode":{"drawMode":0,"name":"Shaded","section":"Shading Mode"},"sceneLighting":true,"audioPlay":false,"sceneViewState":{"showFog":true,"showMaterialUpdate":false,"showSkybox":true,"showFlares":true,"showImageEffects":true,"showParticleSystems":true},"in2DMode":false,"pivot":{"x":0.0054999589920043949,"y":0.6727999448776245,"z":3.490999937057495},"rotation":{"x":-0.03030015341937542,"y":0.01708776131272316,"z":-0.0005178406136110425,"w":-0.9993998408317566},"size":5.831110000610352,"orthographic":false}