{"cameraMode":{"drawMode":0,"name":"Shaded","section":"Shading Mode"},"sceneLighting":false,"audioPlay":false,"sceneViewState":{"showFog":true,"showMaterialUpdate":false,"showSkybox":true,"showFlares":true,"showImageEffects":true,"showParticleSystems":true},"in2DMode":false,"pivot":{"x":9.723482131958008,"y":13.602706909179688,"z":-26.647836685180665},"rotation":{"x":-0.0005534411175176501,"y":-0.9947609901428223,"z":0.10213004052639008,"w":-0.00536577170714736},"size":77.5931167602539,"orthographic":false}