{"cameraMode":{"drawMode":0,"name":"Shaded","section":"Shading Mode"},"sceneLighting":true,"audioPlay":false,"sceneViewState":{"showFog":true,"showMaterialUpdate":false,"showSkybox":true,"showFlares":true,"showImageEffects":true,"showParticleSystems":true},"in2DMode":false,"pivot":{"x":-0.5042285919189453,"y":-0.6655154228210449,"z":7.17678689956665},"rotation":{"x":-0.1006392315030098,"y":0.0005931417690590024,"z":-0.00006209756247699261,"w":-0.9949310421943665},"size":18.22903060913086,"orthographic":false}